{
  "version": 1,
  "author": "Anonymous maker",
  "editor": "wokwi",
  "parts": [
    { "type": "board-esp32-devkit-c-v4", "id": "esp", "top": 0, "left": 0, "attrs": {} },
    {
      "type": "wokwi-resistor",
      "id": "r1",
      "top": 13.55,
      "left": 182.4,
      "attrs": { "value": "1000" }
    },
    {
      "type": "wokwi-resistor",
      "id": "r2",
      "top": 42.35,
      "left": 182.4,
      "attrs": { "value": "1000" }
    },
    {
      "type": "wokwi-resistor",
      "id": "r3",
      "top": 71.15,
      "left": 182.4,
      "attrs": { "value": "1000" }
    },
    { "type": "wokwi-led", "id": "led1", "top": 92.4, "left": 253.4, "attrs": { "color": "red" } },
    {
      "type": "wokwi-led",
      "id": "led2",
      "top": 159.6,
      "left": 253.4,
      "attrs": { "color": "yellow" }
    },
    {
      "type": "wokwi-led",
      "id": "led3",
      "top": 226.8,
      "left": 253.4,
      "attrs": { "color": "green" }
    }
  ],
  "connections": [
    [ "esp:TX", "$serialMonitor:RX", "", [] ],
    [ "esp:RX", "$serialMonitor:TX", "", [] ],
    [ "r1:1", "esp:23", "green", [ "v0" ] ],
    [ "r2:1", "esp:22", "green", [ "v0" ] ],
    [ "r3:1", "esp:21", "green", [ "v0" ] ],
    [ "r1:2", "led1:A", "green", [ "v0" ] ],
    [ "r2:2", "led2:A", "green", [ "v0" ] ],
    [ "r3:2", "led3:A", "green", [ "v0" ] ],
    [ "led1:C", "esp:GND.3", "green", [ "v0" ] ],
    [ "led2:C", "esp:GND.3", "green", [ "v0" ] ],
    [ "led3:C", "esp:GND.3", "green", [ "v0" ] ]
  ],
  "dependencies": {}
}